{"params": {"Cs": 10, "class_weight": null, "cv": 10, "dual": false, "fit_intercept": true, "intercept_scaling": 1.0, "l1_ratios": [0.0, 0.1111111111111111, 0.2222222222222222, 0.3333333333333333, 0.4444444444444444, 0.5555555555555556, 0.6666666666666666, 0.7777777777777777, 0.8888888888888888, 1.0], "max_iter": 1000, "multi_class": "deprecated", "n_jobs": null, "penalty": "elasticnet", "random_state": 33, "refit": true, "scoring": "roc_auc", "solver": "saga", "tol": 0.0001, "verbose": 1}, "best_C": 0.000774263682681127, "l1_ratio": 0.0}