{"best_alpha": 0.5555555555555556, "best_f2": 0.5263157894736842, "best_recall": 0.7142857142857143, "best_precision": 0.2564102564102564}